league_id,hero_name,battle_count,win_rate,avg_kda,ban_rate,pick_rate
20260001,王昭君,44,0.5682,5.925,0.0558,0.0768
20260001,关羽,102,0.5392,4.1549,0.4607,0.178
20260001,西施,57,0.3684,4.3088,0.1396,0.0995
20260001,海诺,27,0.4815,4.1111,0.0401,0.0471
20260001,杨戬,92,0.5326,4.5272,0.1344,0.1606
20260001,不知火舞,89,0.4719,3.6539,0.2478,0.1553
20260001,后羿,17,0.5882,4.8176,0.0593,0.0297
20260001,庄周,12,0.5833,6.8083,0.0244,0.0209
20260001,哪吒,39,0.4872,4.1923,0.1798,0.0681
20260001,苏烈,181,0.4972,4.595,0.3473,0.3159
20260001,达摩,52,0.5,3.0077,0.0279,0.0908
20260001,鲁班大师,103,0.5243,5.4796,0.7644,0.1763
20260001,亚连,1,1.0,13.0,0.0,0.0017
20260001,影,69,0.4638,3.4855,0.0384,0.1204
20260001,嬴政,68,0.5147,5.0338,0.0873,0.1187
20260001,钟馗,6,0.8333,6.9833,0.0105,0.0105
20260001,大乔,10,0.6,6.4,0.0122,0.0175
20260001,墨子,29,0.4828,4.2138,0.0436,0.0506
20260001,李元芳,11,0.5455,4.5909,0.0052,0.0192
20260001,鲁班七号,12,0.3333,2.75,0.0471,0.0209
20260001,项羽,6,0.1667,2.2833,0.0,0.0105
20260001,戈娅,193,0.5648,5.3632,0.0942,0.3368
20260001,杨玉环,38,0.3947,4.0237,0.014,0.0663
20260001,裴擒虎,87,0.4598,3.769,0.1187,0.1518
20260001,姜子牙,35,0.4571,5.12,0.0175,0.0611
20260001,元歌,4,0.5,4.325,0.0035,0.007
20260001,诸葛亮,2,1.0,7.5,0.0,0.0035
20260001,朵莉亚,28,0.5,5.7286,0.0192,0.0489
20260001,梦奇,9,0.2222,2.2556,0.0017,0.0157
20260001,吕布,18,0.6667,4.0333,0.0524,0.0314
20260001,曜,5,0.2,2.6,0.0017,0.0087
20260001,弈星,5,0.8,4.6,0.0,0.0087
20260001,公孙离,136,0.4706,4.1353,0.1326,0.2373
20260001,安琪拉,51,0.3922,4.1961,0.0489,0.089
20260001,海月,91,0.4615,3.1319,0.3717,0.1588
20260001,貂蝉,1,0.0,0.5,0.0,0.0017
20260001,露娜,4,0.5,3.1,0.0017,0.007
20260001,虞姬,24,0.375,3.9625,0.014,0.0419
20260001,宫本武藏,29,0.4828,3.0586,0.164,0.0506
20260001,狄仁杰,69,0.4348,4.1986,0.1152,0.1204
20260001,猪八戒,13,0.3846,2.8308,0.0017,0.0227
20260001,嫦娥,51,0.4706,3.9784,0.0349,0.089
20260001,小乔,129,0.4961,4.945,0.1344,0.2251
20260001,苍,94,0.4894,4.6191,0.0297,0.164
20260001,金蝉,8,0.25,2.775,0.0035,0.014
20260001,橘右京,110,0.5364,4.23,0.1728,0.192
20260001,大司命,133,0.4662,4.3895,0.3211,0.2304
20260001,沈梦溪,202,0.5594,5.6386,0.3857,0.3455
20260001,马超,105,0.419,3.7238,0.1361,0.1832
20260001,刘邦,5,0.4,2.72,0.0017,0.0087
20260001,元流之子(辅助),25,0.52,4.004,0.2147,0.0436
20260001,马可波罗,1,0.0,0.0,0.0,0.0017
20260001,曹操,141,0.4823,4.0716,0.1571,0.2461
20260001,空空儿,86,0.4419,4.4988,0.2897,0.1501
20260001,张飞,153,0.4706,4.702,0.1466,0.267
20260001,少司缘,145,0.4759,4.7,0.1047,0.2531
20260001,司空震,120,0.4167,4.19,0.1763,0.2094
20260001,姬小满,14,0.5714,3.8571,0.0,0.0244
20260001,孙策,4,0.75,6.925,0.0035,0.007
20260001,李白,1,1.0,9.0,0.0,0.0017
20260001,扁鹊,2,0.0,1.5,0.0052,0.0035
20260001,太乙真人,116,0.5,4.9241,0.0977,0.2024
20260001,甄姬,22,0.5455,4.0545,0.0244,0.0384
20260001,孙膑,3,0.0,2.3333,0.0,0.0052
20260001,廉颇,33,0.4545,4.2212,0.0244,0.0576
20260001,敖隐,187,0.5294,5.1449,0.2548,0.3229
20260001,元流之子(射手),10,0.5,4.15,0.0122,0.0175
20260001,夏侯惇,99,0.4848,3.4818,0.0873,0.1728
20260001,东皇太一,9,0.5556,3.7667,0.014,0.0157
20260001,百里守约,3,0.6667,5.6667,0.0,0.0052
20260001,孙尚香,94,0.4787,5.1011,0.0279,0.164
20260001,蚩奼,169,0.4793,4.4355,0.2269,0.2949
20260001,大禹,28,0.4286,4.5929,0.0122,0.0489
20260001,孙权,39,0.4103,4.2513,0.0209,0.0681
20260001,伽罗,2,0.5,1.5,0.0017,0.0035
20260001,桑启,1,0.0,1.0,0.0,0.0017
20260001,艾琳,115,0.5217,4.4835,0.0698,0.2007
20260001,蒙恬,57,0.5439,3.8105,0.1309,0.0995
20260001,元流之子(坦克),119,0.5294,3.8966,0.2321,0.2059
20260001,武则天,84,0.5714,5.725,0.0593,0.1466
20260001,白起,43,0.4884,4.5651,0.0908,0.075
20260001,张良,31,0.5484,5.1419,0.0558,0.0541
20260001,盾山,124,0.5565,4.4895,0.6946,0.2164
20260001,暃,39,0.4359,4.3359,0.0716,0.0681
20260001,女娲,142,0.5282,5.6803,0.2618,0.2478
20260001,狂铁,193,0.5648,4.3829,0.2775,0.3368
20260001,夏洛特,169,0.4852,3.6609,0.1483,0.2949
20260001,阿古朵,100,0.48,4.669,0.2461,0.1745
20260001,云缨,89,0.5506,4.9112,0.0908,0.1553
20260001,赵怀真,16,0.75,4.7375,0.014,0.0279
20260001,铠,49,0.5102,5.0837,0.0681,0.0855
20260001,韩信,4,0.25,2.7,0.0,0.007
20260001,芈月,2,0.5,3.15,0.0,0.0035
20260001,老夫子,24,0.625,3.8333,0.0873,0.0419
20260001,娜可露露,32,0.5625,4.3687,0.0262,0.0558
20260001,干将莫邪,7,0.5714,3.0714,0.0017,0.0122
20260001,镜,78,0.5769,4.9231,0.2775,0.1361
20250004,小乔,35,0.4286,4.2857,0.1437,0.2011
20250004,嬴政,24,0.3333,3.9708,0.0517,0.1379
20250004,女娲,49,0.551,5.598,0.2069,0.2816
20250004,杨玉环,19,0.5263,5.2632,0.046,0.1092
20250004,吕布,7,0.2857,4.2857,0.046,0.0402
20250004,刘邦,2,0.5,4.35,0.0,0.0115
20250004,艾琳,31,0.6452,5.3,0.1092,0.1782
20250004,海诺,13,0.6923,3.9231,0.1264,0.0747
20250004,铠,18,0.4444,3.7278,0.0862,0.1034
20250004,苍,38,0.4737,3.8737,0.046,0.2184
20250004,墨子,5,0.6,5.9,0.046,0.0287
20250004,金蝉,1,1.0,7.0,0.0057,0.0057
20250004,东皇太一,4,0.5,3.375,0.0057,0.023
20250004,苏烈,53,0.4906,4.5849,0.1552,0.3046
20250004,少司缘,33,0.4545,5.5576,0.1034,0.1897
20250004,关羽,27,0.5926,4.4,0.4425,0.1552
20250004,狂铁,57,0.4912,3.1825,0.2701,0.3276
20250004,裴擒虎,30,0.4667,3.63,0.1724,0.1724
20250004,甄姬,13,0.6154,6.0,0.0402,0.0747
20250004,梦奇,4,0.5,5.0,0.0,0.023
20250004,镜,30,0.5333,4.4733,0.3046,0.1724
20250004,孙策,3,0.3333,1.2667,0.0,0.0172
20250004,孙权,8,0.5,3.4625,0.0287,0.046
20250004,鲁班大师,32,0.5938,5.2563,0.6437,0.1839
20250004,娜可露露,6,0.8333,5.5,0.0575,0.0345
20250004,亚连,1,0.0,0.0,0.0,0.0057
20250004,兰陵王,1,1.0,2.4,0.0,0.0057
20250004,嫦娥,15,0.4667,3.92,0.0632,0.0862
20250004,姜子牙,2,0.0,0.25,0.0057,0.0115
20250004,敖隐,35,0.5143,4.6143,0.2184,0.2011
20250004,钟馗,2,1.0,3.65,0.0,0.0115
20250004,伽罗,3,0.3333,4.0,0.0,0.0172
20250004,韩信,1,0.0,2.3,0.0057,0.0057
20250004,高渐离,1,0.0,1.0,0.0,0.0057
20250004,蒙恬,17,0.5294,2.7412,0.1609,0.0977
20250004,不知火舞,34,0.6471,4.5676,0.2759,0.1954
20250004,牛魔,6,0.3333,2.9833,0.0115,0.0345
20250004,杨戬,38,0.5789,4.2632,0.2126,0.2184
20250004,诸葛亮,2,0.0,3.0,0.0,0.0115
20250004,鲁班七号,8,0.375,4.15,0.0805,0.046
20250004,戈娅,56,0.5179,5.6696,0.1724,0.3218
20250004,盾山,41,0.5366,4.2098,0.7241,0.2299
20250004,夏侯惇,26,0.4231,2.6346,0.0575,0.1494
20250004,橘右京,27,0.5185,5.8333,0.0977,0.1552
20250004,蚩奼,52,0.3846,3.5558,0.2241,0.2989
20250004,桑启,2,0.5,2.9,0.0,0.0115
20250004,王昭君,9,0.6667,6.6667,0.0172,0.0517
20250004,暃,14,0.5714,6.1643,0.1092,0.0805
20250004,公孙离,59,0.5254,3.9102,0.1322,0.3333
20250004,沈梦溪,69,0.4783,4.7029,0.3046,0.3621
20250004,司空震,36,0.5,3.7,0.1379,0.2069
20250004,张良,8,0.625,6.15,0.069,0.046
20250004,老夫子,4,0.25,2.15,0.0632,0.023
20250004,大乔,1,1.0,2.7,0.0115,0.0057
20250004,曹操,65,0.4308,3.5062,0.2414,0.3506
20250004,武则天,7,0.7143,7.4286,0.0115,0.0402
20250004,狄仁杰,26,0.4615,4.0769,0.0805,0.1494
20250004,孙膑,1,1.0,8.0,0.0172,0.0057
20250004,廉颇,10,0.5,5.59,0.023,0.0575
20250004,露娜,1,1.0,4.0,0.0,0.0057
20250004,张飞,36,0.4444,4.0917,0.1782,0.2069
20250004,元流之子(坦克),38,0.5789,4.1421,0.2069,0.2184
20250004,海月,20,0.45,3.575,0.5805,0.1149
20250004,后羿,5,0.6,5.0,0.0747,0.0287
20250004,云缨,1,0.0,0.0,0.0,0.0057
20250004,姬小满,9,0.4444,3.1111,0.0057,0.0517
20250004,西施,14,0.3571,3.7571,0.2471,0.0805
20250004,达摩,9,0.3333,2.7667,0.0345,0.0517
20250004,阿古朵,21,0.4762,4.5619,0.0862,0.1207
20250004,朵莉亚,30,0.5,5.0133,0.023,0.1724
20250004,虞姬,13,0.4615,3.2154,0.023,0.0747
20250004,孙尚香,23,0.4348,3.9261,0.0402,0.1322
20250004,宫本武藏,9,0.2222,2.2444,0.0862,0.0517
20250004,哪吒,13,0.3077,1.8615,0.1494,0.0747
20250004,百里守约,4,0.5,3.875,0.0172,0.023
20250004,干将莫邪,3,0.3333,3.0,0.0115,0.0172
20250004,马超,28,0.5714,4.4179,0.0977,0.1609
20250004,空空儿,41,0.4146,4.4659,0.5402,0.2356
20250004,影,26,0.5385,4.1654,0.0345,0.1494
20250004,猪八戒,8,0.5,2.0375,0.0057,0.046
20250004,貂蝉,1,0.0,0.5,0.0,0.0057
20250004,元流之子(辅助),2,0.5,2.65,0.0057,0.0115
20250004,蔡文姬,1,0.0,0.5,0.0115,0.0057
20250004,大司命,53,0.5094,3.9094,0.3103,0.2989
20250004,夏洛特,49,0.6122,4.4714,0.092,0.2816
20250004,安琪拉,20,0.5,4.125,0.0287,0.1149
20250004,太乙真人,31,0.5484,4.6258,0.0517,0.1782
20250004,曜,4,1.0,7.425,0.0057,0.023
20250004,庄周,5,0.2,6.0,0.0115,0.0287
20250004,弈星,1,0.0,0.0,0.0057,0.0057
20250003,太乙真人,45,0.4889,4.5844,0.0759,0.1899
20250003,公孙离,72,0.4167,3.7569,0.2658,0.3038
20250003,孙权,14,0.4286,4.4,0.0211,0.0591
20250003,海月,36,0.5278,3.8111,0.4979,0.1519
20250003,夏洛特,74,0.4189,3.0486,0.173,0.3122
20250003,裴擒虎,53,0.6038,4.6906,0.2025,0.2236
20250003,宫本武藏,4,0.5,3.7,0.0211,0.0169
20250003,牛魔,5,0.4,4.48,0.0,0.0211
20250003,艾琳,32,0.5313,4.0313,0.0464,0.135
20250003,孙尚香,51,0.6863,4.7784,0.0422,0.2152
20250003,吕布,6,0.8333,4.4667,0.0422,0.0253
20250003,杨玉环,27,0.5185,5.8963,0.038,0.1139
20250003,鲁班七号,37,0.4324,3.2486,0.0295,0.1519
20250003,朵莉亚,39,0.4615,5.2821,0.0464,0.1646
20250003,马超,32,0.375,3.475,0.0717,0.135
20250003,司空震,38,0.5263,3.4842,0.1013,0.1603
20250003,铠,52,0.4038,3.7885,0.2278,0.2194
20250003,橘右京,19,0.5263,3.5474,0.0928,0.0802
20250003,甄姬,32,0.5625,4.2563,0.1688,0.135
20250003,孙膑,4,0.25,2.0,0.0084,0.0169
20250003,张飞,31,0.6129,4.8613,0.1308,0.1308
20250003,镜,42,0.4286,4.119,0.3713,0.1772
20250003,空空儿,49,0.6735,6.6102,0.5316,0.2068
20250003,夏侯惇,37,0.5676,4.0946,0.097,0.1561
20250003,安琪拉,25,0.36,3.8,0.0464,0.1055
20250003,娜可露露,19,0.3684,2.4368,0.1055,0.0802
20250003,伽罗,3,0.3333,4.0,0.0211,0.0127
20250003,沈梦溪,78,0.5,4.9872,0.4008,0.3165
20250003,苏烈,70,0.5143,4.54,0.135,0.2954
20250003,盾山,47,0.5532,4.5489,0.2574,0.1983
20250003,狂铁,67,0.5373,3.7358,0.3249,0.2827
20250003,廉颇,15,0.4667,3.38,0.0211,0.0633
20250003,钟馗,1,0.0,1.0,0.0,0.0042
20250003,小乔,44,0.4091,3.5864,0.097,0.1857
20250003,敖隐,39,0.5897,4.9436,0.1857,0.1646
20250003,元流之子(射手),4,0.0,1.2,0.0,0.0169
20250003,嫦娥,18,0.3333,4.0556,0.0464,0.0759
20250003,大司命,62,0.5323,4.6935,0.2869,0.2616
20250003,女娲,64,0.6719,5.6828,0.2954,0.27
20250003,蚩奼,46,0.5217,4.2891,0.097,0.1941
20250003,孙策,3,0.3333,4.7667,0.0169,0.0127
20250003,武则天,4,1.0,10.0,0.0042,0.0169
20250003,少司缘,50,0.42,4.072,0.1224,0.211
20250003,影,29,0.3793,3.3483,0.0802,0.1224
20250003,金蝉,1,0.0,1.5,0.0253,0.0042
20250003,哪吒,3,0.3333,5.0,0.0127,0.0127
20250003,鲁班大师,51,0.451,3.9549,0.7468,0.2068
20250003,关羽,41,0.5122,4.061,0.3376,0.173
20250003,王昭君,22,0.5909,4.9136,0.038,0.0928
20250003,暃,8,0.75,4.5625,0.038,0.0338
20250003,貂蝉,1,1.0,3.0,0.0,0.0042
20250003,西施,24,0.4583,4.4708,0.1983,0.1013
20250003,弈星,3,0.3333,5.5667,0.0,0.0127
20250003,张良,18,0.2778,3.9833,0.1435,0.0759
20250003,桑启,3,0.6667,4.1667,0.0042,0.0127
20250003,后羿,6,0.5,4.9667,0.0717,0.0253
20250003,庄周,5,0.8,4.2,0.0169,0.0211
20250003,狄仁杰,33,0.3939,4.3182,0.0844,0.1392
20250003,刘邦,1,0.0,7.0,0.0,0.0042
20250003,蔡文姬,3,0.6667,6.0,0.0042,0.0127
20250003,曜,2,0.5,5.75,0.0,0.0084
20250003,海诺,24,0.4583,3.075,0.1435,0.1013
20250003,曹操,77,0.5584,4.6325,0.3544,0.3122
20250003,苍,71,0.4648,4.0676,0.0886,0.2996
20250003,干将莫邪,14,0.2143,2.8929,0.038,0.0591
20250003,杨戬,62,0.5161,3.3581,0.1983,0.2616
20250003,姜子牙,6,0.5,2.5667,0.0,0.0253
20250003,嬴政,22,0.4545,5.1818,0.0549,0.0928
20250003,姬小满,20,0.6,4.585,0.0084,0.0844
20250003,百里守约,13,0.3846,3.8846,0.0253,0.0549
20250003,阿古朵,35,0.3714,3.4457,0.135,0.1477
20250003,猪八戒,10,0.6,4.16,0.0253,0.0422
20250003,大乔,8,0.5,5.5625,0.0169,0.0338
20250003,东皇太一,2,0.5,2.8,0.0127,0.0084
20250003,戈娅,72,0.5278,5.3,0.1688,0.3038
20250003,不知火舞,45,0.4667,3.0733,0.2954,0.1899
20250003,达摩,8,0.375,3.6,0.0127,0.0338
20250003,虞姬,7,0.5714,3.3143,0.0169,0.0295
20250003,梦奇,12,0.3333,2.4417,0.0042,0.0506
20250003,鬼谷子,3,0.6667,5.6667,0.0042,0.0127
20250003,元流之子(坦克),61,0.5246,3.1344,0.2996,0.2447
20250003,蒙恬,37,0.5946,3.8081,0.1772,0.1561
20250003,老夫子,9,0.7778,5.4667,0.0844,0.038
20250003,墨子,8,0.25,3.225,0.0591,0.0338
